"id","Q1","Q2","Q3","Q4","Q5","Q6","Q7","Q8","Q9","Q10","Q11","Q12","Q13","Q14","Q15","Q16","Q17","Q18","Q19","Q20","Q21","Q22","Q23","Q24","Q25","Q26","Q27","Q28","Q29","Q30","Q31","Q32","Q33","Q34","Q35","Q36","Q37","Q38","Q39","Q40","Q41","Q42","Q43","Q44","Q45","Q46","Q47","Q48","Q49","Q50","Q51","Q52","Q53","Q54","Q55","Q56","Q57","Q58","Q59","Q60","Q61","Q62"
1,6,2,4,3,1,5,5,3,4,4,4,5,4,7,6,7,6,5,5,6,7,5,2,1,2,3,1,1,2,2,4,4,5,4,3,4,4,3,5,3,5,5,4,3,4,4,4,5,4,4,5,4,2,4,5,4,5,3,4,4,4,2
2,7,7,7,5,4,4,5,4,5,5,4,4,4,2,3,4,4,3,4,2,4,4,7,1,4,3,4,5,7,4,1,5,5,5,3,3,4,7,4,3,7,6,4,7,6,6,7,6,6,7,1,1,1,1,1,1,5,4,3,5,4,5
3,5,4,6,5,7,5,3,5,4,5,5,5,6,3,3,4,2,4,3,4,2,3,3,4,2,4,5,3,3,4,7,5,7,5,7,6,5,7,3,2,1,1,1,1,4,3,4,4,3,2,4,4,3,5,6,3,4,4,5,3,4,4
4,4,2,5,4,2,4,5,4,3,4,4,4,6,5,6,7,6,5,5,5,6,6,1,1,1,2,2,2,3,1,2,5,4,5,4,4,3,3,6,2,4,5,4,2,4,5,4,3,3,4,5,2,3,5,4,4,4,2,5,5,5,3
5,5,5,7,6,7,3,4,5,4,2,5,4,4,5,4,3,2,5,4,5,5,5,3,4,5,2,2,3,1,4,6,7,7,7,5,7,7,7,2,1,3,2,2,3,4,5,5,2,5,3,4,4,6,4,5,5,4,5,4,3,4,5
6,6,6,4,4,5,3,5,2,5,3,4,4,5,1,2,4,4,5,4,1,3,5,7,1,5,3,5,4,5,3,2,6,3,4,4,6,4,2,3,3,6,4,3,7,6,6,7,7,6,7,2,2,1,2,1,2,5,4,4,4,4,4
7,7,7,3,3,5,4,4,4,4,3,7,4,5,1,3,5,3,3,4,2,2,4,7,1,5,3,4,6,4,5,1,3,5,2,3,4,3,5,3,2,7,5,5,6,7,7,6,6,6,6,1,2,2,1,1,1,4,5,4,3,5,4
8,6,7,3,4,5,3,4,3,5,3,4,4,5,1,4,4,5,4,4,2,4,5,7,1,4,4,5,5,5,5,1,5,4,3,4,5,5,4,6,4,7,4,4,7,7,7,6,7,6,6,1,1,1,2,1,1,5,5,4,6,4,4
9,6,4,6,1,3,4,4,4,3,4,4,3,6,7,7,5,7,5,2,5,6,7,3,5,1,2,4,2,5,4,7,5,5,4,5,3,7,4,5,5,1,2,3,3,5,5,2,5,3,4,3,7,6,4,3,4,6,7,6,2,2,2
10,6,2,4,5,1,5,3,4,5,3,4,5,4,5,7,6,6,6,6,7,7,7,2,1,3,3,3,2,1,3,3,2,3,6,4,4,4,5,4,4,4,3,4,3,4,4,4,4,5,4,6,5,5,3,5,5,3,4,4,3,3,4
11,7,7,2,4,6,5,6,5,3,6,3,5,4,2,3,5,4,3,4,1,4,5,7,1,3,3,4,4,5,4,2,4,5,5,4,2,4,4,4,3,7,5,4,7,6,6,7,6,7,7,1,1,2,1,2,1,5,3,4,6,3,6
12,4,5,6,7,6,4,3,5,5,4,5,3,3,4,5,3,1,3,3,4,4,6,3,4,3,2,5,4,5,5,6,6,6,7,6,6,6,5,2,3,1,2,2,2,1,5,5,6,5,4,4,4,3,3,5,4,4,5,5,3,4,5
13,7,4,4,1,3,5,4,4,5,4,3,4,4,6,7,5,6,3,3,4,7,7,3,4,1,2,4,2,3,3,7,2,6,5,5,5,7,5,5,3,1,2,4,5,6,3,3,3,3,3,5,7,7,4,3,3,7,7,6,1,2,1
14,4,2,5,4,1,4,5,4,3,3,4,3,3,5,6,5,7,5,5,5,7,5,2,1,2,2,1,3,2,2,5,5,2,4,2,5,5,5,4,3,3,1,5,5,4,2,3,2,3,4,5,5,4,4,3,5,4,4,3,4,4,5
15,6,6,3,3,3,5,3,5,4,2,3,4,5,1,4,5,4,3,4,2,5,6,6,2,3,6,4,4,3,4,2,5,5,4,5,2,5,6,5,4,7,5,2,6,7,7,7,7,6,6,1,1,2,1,1,1,3,7,4,3,3,6
16,4,2,1,1,2,4,3,3,2,4,3,4,6,6,7,6,7,7,5,6,6,5,2,1,3,3,2,3,1,3,4,4,5,4,4,4,4,3,2,5,5,4,4,4,4,4,5,2,3,4,4,4,4,5,5,3,6,6,3,2,4,3
17,6,7,4,4,5,4,3,5,4,5,2,4,6,2,4,3,5,4,4,2,3,6,7,1,4,3,4,5,2,3,1,3,3,2,4,4,2,3,4,2,7,4,3,6,6,7,7,7,6,7,2,1,1,2,1,1,4,4,3,7,4,3
18,3,2,5,3,3,4,2,4,6,4,3,4,3,6,6,7,7,6,6,5,5,6,2,1,2,2,2,1,3,2,3,4,5,5,5,4,4,5,7,3,3,5,3,4,4,5,2,4,5,6,4,4,6,4,3,5,4,4,5,3,4,5
19,7,7,6,5,4,4,3,4,4,4,5,3,4,1,6,4,5,3,4,2,3,5,6,1,3,5,3,4,3,3,1,3,5,3,4,4,5,4,3,4,6,3,6,6,7,7,7,7,7,6,1,1,1,1,1,1,4,4,4,3,4,3
20,6,3,5,2,3,3,3,5,6,6,4,3,4,6,6,5,6,4,5,6,6,7,4,3,1,2,4,2,4,4,7,4,4,3,4,3,7,5,4,3,2,1,5,4,2,4,4,4,3,4,4,6,6,2,4,4,7,7,6,2,2,2
21,2,2,6,7,7,5,5,6,4,3,2,3,5,5,4,4,2,3,3,4,4,4,2,4,5,5,5,5,5,3,6,7,6,6,7,5,6,5,2,2,1,1,3,1,5,3,3,4,4,5,4,5,6,5,4,3,4,5,3,5,3,4
22,4,3,6,5,6,3,5,5,4,4,4,4,3,3,5,2,1,4,4,4,4,4,3,4,3,5,5,5,5,4,6,6,6,5,5,6,7,7,2,2,3,2,1,2,3,5,3,3,4,3,4,4,2,2,5,4,1,3,3,6,4,4
23,7,7,3,3,4,5,3,4,4,5,3,6,4,2,3,3,6,2,4,2,4,5,7,2,5,6,4,6,5,4,2,4,4,4,4,4,3,5,3,4,7,2,5,7,7,6,7,6,7,7,2,2,1,2,2,2,5,4,5,4,5,3
24,5,4,6,5,5,6,3,2,4,4,4,5,3,5,4,5,2,4,1,3,4,4,3,3,5,5,4,5,5,5,6,6,6,6,6,5,6,6,2,1,2,2,3,3,5,3,5,3,4,3,3,3,3,5,3,4,3,5,4,4,4,3
25,4,4,5,5,5,6,2,4,4,3,4,5,2,6,5,4,2,4,3,6,3,3,5,5,4,4,3,3,3,5,5,6,7,5,6,6,5,6,1,1,2,3,2,1,2,4,5,5,5,3,4,4,4,4,4,2,4,5,3,3,5,2
26,7,4,4,2,4,4,4,4,4,3,6,4,4,7,7,3,7,3,5,5,6,6,2,4,1,1,5,2,3,5,7,4,3,4,4,5,6,3,7,4,1,1,4,5,4,4,4,3,4,4,5,7,7,5,4,5,7,7,6,1,1,2
27,3,6,7,6,6,4,2,4,3,4,4,3,5,4,6,4,3,2,4,5,5,4,3,3,6,2,4,6,5,5,5,6,6,6,5,5,7,6,2,3,1,3,1,1,3,2,2,4,4,4,5,4,2,4,5,3,3,5,4,4,5,5
28,2,1,2,5,1,4,4,5,4,4,3,5,6,6,5,6,7,5,5,6,6,7,3,2,2,3,1,2,2,1,3,2,4,4,5,5,3,4,5,3,4,4,4,4,5,3,3,5,3,2,5,5,6,5,5,4,4,6,4,5,4,5
29,4,1,2,5,3,3,5,5,4,3,7,3,6,5,7,7,6,7,5,5,6,7,3,2,2,1,3,2,2,2,5,3,3,6,4,6,3,4,2,4,4,3,4,5,3,4,5,2,2,4,4,6,4,4,3,3,3,4,6,4,3,6
30,5,3,4,5,1,5,4,5,3,4,3,3,2,5,6,6,6,7,6,5,7,5,2,3,3,2,2,2,2,1,3,3,6,4,4,5,4,5,3,5,4,4,5,2,4,3,4,4,3,3,5,5,5,4,3,5,2,4,4,2,4,3
31,3,3,6,5,5,4,5,5,5,5,4,4,5,4,4,3,3,4,4,3,5,5,3,4,4,2,3,4,4,4,6,6,6,6,7,6,7,6,1,2,3,2,3,3,4,5,3,5,3,5,2,3,3,3,4,5,7,2,2,4,3,3
32,7,6,4,4,5,5,5,3,5,5,3,4,4,2,5,5,4,5,4,2,5,3,6,1,4,3,4,6,4,3,1,5,5,4,4,4,6,6,4,4,6,6,2,6,6,6,6,6,7,6,1,2,2,1,2,1,4,4,4,4,5,5
33,6,3,5,4,1,5,5,4,3,4,4,3,6,7,6,6,5,6,7,5,7,7,1,1,2,1,3,2,2,2,3,4,4,5,4,4,5,2,5,3,4,4,3,3,4,3,3,5,4,2,6,4,5,4,4,4,3,4,3,4,5,5
34,5,3,2,4,1,2,3,4,5,4,4,5,4,5,5,6,6,7,5,7,6,7,2,2,2,2,2,3,3,1,5,5,5,5,3,4,3,4,5,3,4,3,3,3,5,3,6,3,5,5,4,3,4,5,2,3,6,5,4,4,3,3
35,4,4,6,7,6,5,4,4,3,4,5,6,4,4,4,3,3,2,4,5,3,4,3,4,4,2,4,3,5,3,7,6,6,6,6,7,5,6,2,2,1,1,2,2,5,5,4,4,3,4,4,5,5,3,5,5,2,5,5,5,5,3
36,4,4,7,6,5,4,4,4,3,3,4,4,4,4,4,5,1,4,5,5,5,4,4,3,3,4,3,2,5,4,6,5,5,5,5,5,6,6,1,3,2,2,2,1,2,4,5,4,4,4,5,3,5,4,6,4,3,2,3,3,3,2
37,3,4,5,5,7,3,4,5,4,4,4,4,5,4,4,3,3,4,6,4,4,3,2,3,5,5,3,4,4,4,6,7,5,5,6,6,6,5,2,2,2,2,2,3,3,2,5,3,3,5,4,5,4,4,2,3,5,5,2,4,1,5
38,5,4,5,6,6,3,3,4,3,5,4,6,5,4,4,5,2,6,4,5,3,4,4,4,5,2,4,3,4,4,6,5,7,6,6,6,6,6,1,2,2,3,2,2,5,3,3,5,4,4,4,4,5,3,4,3,5,4,5,4,3,4
39,7,7,3,4,4,4,2,5,4,3,6,4,5,1,4,3,4,6,6,2,7,5,6,2,4,4,3,4,4,4,2,3,4,4,5,5,4,3,5,3,6,4,3,6,7,6,7,6,7,7,1,1,1,2,1,1,5,4,6,5,4,4
40,5,2,4,5,1,4,2,4,4,3,2,4,4,6,6,5,6,6,5,7,6,5,1,2,2,2,3,2,2,3,4,5,4,3,6,3,6,5,4,3,2,3,5,3,4,4,6,2,4,4,5,5,6,2,5,4,4,3,4,5,4,2
41,7,7,5,4,3,2,5,4,3,4,5,3,2,1,2,5,4,5,5,1,4,3,7,1,4,5,3,5,3,4,1,3,3,3,4,3,3,3,4,4,6,4,4,6,7,7,6,7,7,6,2,1,1,2,1,1,4,5,5,6,3,4
42,5,1,5,5,2,4,4,3,6,6,5,5,5,6,7,6,6,6,6,6,5,6,3,1,2,3,2,2,2,3,3,3,5,3,5,4,5,5,4,5,4,3,5,3,5,6,4,3,3,5,5,5,3,3,4,3,5,5,5,1,5,3
43,5,3,5,5,6,4,4,4,2,3,4,6,4,3,2,3,3,3,4,2,5,5,4,4,4,4,4,3,3,2,6,5,5,5,6,7,7,6,1,1,2,3,1,2,3,3,3,4,4,5,3,5,4,4,6,4,3,3,5,4,4,4
44,4,2,5,2,2,4,3,4,7,4,4,4,5,7,7,6,6,6,7,7,5,6,2,1,1,1,2,2,2,2,6,4,3,3,5,3,4,4,3,2,4,2,4,4,5,5,3,3,4,5,2,5,6,4,3,4,3,5,6,4,3,5
45,5,5,5,6,7,4,2,5,3,3,4,3,1,5,5,4,2,5,2,5,5,3,3,4,5,3,4,4,4,5,7,6,6,6,6,6,6,7,2,2,2,3,1,1,3,5,2,2,5,4,4,5,4,5,4,5,3,5,5,4,5,3
46,5,3,5,5,5,5,4,3,3,3,5,2,4,3,6,3,1,3,3,6,5,3,3,3,5,2,2,3,5,3,6,6,5,7,5,5,7,5,1,3,3,3,1,1,4,4,5,6,3,5,3,5,3,4,5,3,4,5,4,5,4,2
47,3,2,5,4,1,4,4,5,5,3,4,4,4,7,7,6,6,6,6,5,7,7,1,1,2,2,2,2,2,2,4,6,4,5,4,3,4,4,4,4,2,5,4,4,6,3,6,3,4,4,3,7,5,3,3,2,3,4,3,6,4,4
48,3,2,4,3,1,5,4,3,2,4,4,4,4,6,6,6,7,5,6,7,6,6,1,2,2,3,3,2,2,1,6,3,2,3,5,5,5,4,5,6,5,3,2,3,2,3,3,2,3,4,4,4,4,4,5,4,7,5,3,3,5,4
49,3,5,6,7,6,4,5,4,5,4,3,7,5,2,3,4,2,3,4,5,4,7,3,3,4,2,2,3,4,2,6,7,6,6,6,7,6,7,2,3,2,3,1,2,2,2,6,3,5,5,6,4,4,4,2,5,3,3,3,3,4,6
50,5,3,4,4,3,3,4,5,4,3,3,2,4,7,6,6,6,6,7,6,5,7,3,1,3,3,3,3,1,1,3,4,3,4,5,4,4,6,4,5,5,3,5,3,4,4,6,7,2,4,6,5,4,5,5,4,4,5,5,3,3,4
51,3,2,6,5,1,6,4,6,2,4,6,5,3,6,6,6,7,6,7,5,5,7,2,2,2,2,2,3,2,3,3,5,3,5,4,5,5,4,3,4,3,5,5,3,4,3,3,5,5,4,5,6,4,5,6,4,3,2,3,4,5,5
52,7,2,4,2,5,5,5,4,4,5,4,4,5,7,7,3,7,5,3,5,7,7,4,3,2,1,4,1,3,5,6,4,4,3,4,4,6,5,4,3,2,1,5,6,3,4,4,4,2,4,3,6,7,4,1,3,6,6,7,1,2,1
53,5,1,6,7,6,2,5,4,4,6,3,5,2,4,4,4,2,4,4,3,4,4,5,2,4,3,5,5,4,5,7,6,6,6,6,7,6,6,2,3,2,2,2,2,4,4,5,3,3,5,4,4,6,5,2,4,4,5,3,5,3,3
54,5,4,7,7,6,4,5,4,5,4,5,3,6,5,6,5,2,5,5,6,4,5,5,3,4,5,4,4,3,4,6,6,6,6,7,6,6,6,1,1,1,1,2,2,5,1,3,1,4,4,6,5,4,4,4,5,3,5,3,5,4,4
55,7,3,5,2,4,5,4,5,5,4,2,3,4,6,6,5,6,4,2,4,6,7,3,4,2,2,4,1,4,3,6,4,3,5,3,3,7,4,4,4,1,1,5,3,5,6,4,5,3,5,4,6,6,4,5,2,6,7,6,2,1,1
56,6,5,4,2,5,4,3,4,2,2,5,1,3,6,6,4,7,4,4,3,7,6,3,5,2,2,6,1,5,5,7,4,4,4,4,3,7,4,4,3,1,1,5,7,4,5,4,5,4,3,6,6,7,3,5,5,7,7,6,1,1,2
57,6,3,4,5,3,3,5,4,4,3,5,4,4,7,6,7,7,5,6,5,6,5,1,3,3,2,2,2,3,3,2,3,5,4,5,4,4,5,4,4,5,4,3,3,3,4,2,3,4,3,3,3,4,5,2,5,5,3,5,5,4,1
58,4,4,5,6,7,4,3,3,4,5,6,6,5,3,4,5,1,5,3,3,5,3,5,5,4,4,5,4,4,4,7,6,6,6,6,6,6,6,1,2,2,2,2,1,3,4,6,3,4,5,5,4,3,4,3,3,5,6,5,5,4,5
59,6,7,3,5,3,3,2,5,4,4,5,5,5,2,5,5,4,5,5,1,2,3,6,1,3,3,5,7,4,5,2,6,4,4,5,3,3,4,5,4,6,4,5,6,6,7,7,6,7,7,1,1,1,2,1,1,3,4,5,4,2,3
60,1,5,6,5,7,4,4,4,5,4,4,2,3,4,2,5,2,4,4,4,2,4,5,4,5,5,5,4,6,4,5,5,6,7,6,6,5,7,2,1,3,2,2,2,4,4,5,5,3,4,4,5,3,1,4,6,4,6,3,1,4,5
61,3,1,5,4,2,3,4,3,4,4,4,4,4,5,7,6,6,6,6,7,5,6,3,2,2,2,1,2,2,1,4,4,3,6,3,5,3,5,4,4,5,3,4,2,4,5,3,4,3,3,4,4,4,4,4,6,3,4,3,5,4,4
62,4,1,5,4,2,2,4,4,4,4,3,5,5,6,5,5,6,6,6,5,6,6,1,2,2,3,2,3,3,1,4,5,4,4,4,5,4,5,5,2,5,6,3,3,4,4,5,3,5,4,4,5,6,3,3,5,5,4,5,4,4,4
63,6,6,4,5,2,1,4,2,5,5,5,5,4,2,3,5,4,5,3,1,2,5,7,1,4,4,4,5,2,3,2,5,5,3,5,5,4,4,4,4,7,4,3,6,6,7,7,6,7,7,2,1,1,1,2,1,4,4,6,5,5,3
64,3,3,4,3,3,3,6,3,5,5,5,5,3,5,6,6,7,6,5,5,6,5,1,1,1,2,1,2,2,2,4,6,4,4,4,4,4,4,1,2,3,4,3,4,4,4,3,5,4,5,4,4,4,4,4,3,6,3,5,4,4,4
65,7,3,4,2,5,4,2,3,3,4,6,4,4,6,6,3,7,3,6,4,6,7,4,2,2,1,5,1,3,6,7,3,4,3,4,4,7,4,5,5,2,2,3,5,5,4,3,5,5,5,4,7,6,4,3,4,6,7,7,2,1,2
66,4,3,6,6,7,5,5,5,4,4,2,5,5,5,4,6,2,5,5,1,5,6,5,4,5,5,4,3,5,5,5,5,5,7,6,6,6,6,1,3,1,1,2,3,3,3,4,4,2,4,3,4,4,4,4,2,4,3,4,5,4,4
67,6,6,2,4,4,3,5,3,3,4,4,2,2,1,4,3,4,4,4,1,4,4,6,1,2,3,3,5,4,3,1,2,3,5,4,4,3,6,4,3,6,3,3,7,7,6,7,7,7,7,1,2,2,1,1,1,4,6,5,3,4,4
68,6,6,5,5,4,4,3,2,4,2,4,3,2,2,5,4,4,5,5,2,3,5,7,1,6,2,4,4,3,3,2,6,3,2,5,5,6,2,3,5,7,4,4,7,6,7,7,6,6,7,2,1,2,2,1,2,3,4,4,3,5,4
69,6,2,5,6,1,4,5,4,3,5,2,6,5,6,5,6,5,5,5,5,6,5,3,2,2,2,2,3,3,1,5,4,6,3,4,5,3,5,3,4,5,4,5,4,5,4,2,4,5,5,4,4,6,4,4,3,4,5,3,7,4,3
70,6,7,4,4,6,5,5,3,5,3,3,4,5,1,4,3,3,4,6,2,4,3,6,1,3,5,4,3,2,4,2,5,4,4,4,4,4,3,5,4,7,4,4,7,7,6,6,6,6,7,2,2,1,1,1,1,5,6,4,5,4,4
71,7,6,4,5,6,4,5,2,4,6,7,2,4,2,5,6,3,5,2,2,3,3,6,1,4,4,3,4,3,4,2,4,3,5,4,5,4,6,4,4,7,4,3,7,6,7,7,7,6,6,2,2,2,1,1,1,3,4,3,6,5,4
72,1,2,4,4,2,4,5,3,6,2,4,2,3,6,6,5,7,7,5,5,7,5,1,2,1,2,3,2,3,1,5,4,3,4,3,3,3,4,4,3,5,4,5,3,4,3,4,3,5,3,4,4,3,5,4,4,6,3,5,3,3,3
73,6,3,5,1,4,5,5,4,4,5,4,2,4,6,6,3,7,2,5,4,7,6,4,4,2,1,2,1,4,4,7,3,4,5,3,3,7,3,2,4,2,2,4,5,3,4,5,3,5,3,5,7,7,2,4,5,6,6,6,1,1,2
74,5,5,6,6,7,3,5,5,5,4,4,6,5,4,5,4,2,2,5,4,4,4,4,4,5,3,4,4,4,3,7,6,6,6,6,5,7,6,2,3,3,3,3,2,4,4,3,4,4,3,3,2,4,3,4,4,5,3,4,5,3,5
75,7,7,5,4,4,4,6,3,3,4,6,7,2,2,4,4,5,3,4,2,5,3,7,2,3,4,5,4,4,2,1,3,7,5,4,4,3,4,4,4,7,5,5,7,6,7,6,6,6,6,2,2,2,2,2,2,4,4,3,4,4,5
76,4,2,6,5,3,4,5,5,4,5,5,5,4,6,5,6,6,5,5,6,7,6,2,2,3,2,3,3,3,2,5,7,5,3,5,4,3,4,3,3,3,5,4,4,4,3,5,4,4,2,3,3,3,3,4,5,4,4,3,5,3,4
77,4,2,4,4,1,5,3,5,3,6,3,3,5,6,6,5,5,6,7,6,5,7,2,1,2,2,2,2,2,2,4,6,5,3,3,4,5,4,4,2,4,4,3,3,4,5,3,5,4,5,5,5,4,4,4,3,4,5,2,3,5,3
78,1,4,7,6,6,4,3,5,6,1,5,5,4,5,4,3,2,4,4,3,6,4,3,4,3,5,3,3,3,5,6,7,6,7,6,5,5,5,3,2,2,2,1,2,6,3,4,4,4,6,5,6,5,5,5,3,6,5,3,4,3,3
79,3,3,4,5,1,4,4,3,5,4,4,4,4,6,6,7,6,6,7,5,5,6,1,1,2,2,1,1,3,3,4,3,4,3,4,5,4,3,2,4,5,4,4,4,4,3,6,5,6,3,6,2,5,5,6,4,3,2,6,6,4,4
80,4,2,4,5,1,4,5,3,5,4,5,3,4,6,6,6,5,5,5,6,6,7,2,3,3,3,3,1,2,1,5,4,5,3,2,4,5,4,4,5,4,4,5,6,4,3,4,5,5,6,2,4,5,3,3,2,2,5,3,7,4,4
81,7,7,4,5,6,2,4,3,6,4,3,4,5,2,5,4,6,5,4,2,2,5,6,1,4,2,3,4,6,2,2,2,1,3,6,2,3,3,3,3,6,4,2,7,7,7,6,7,6,7,2,2,1,2,1,2,5,5,2,3,5,4
82,3,5,5,6,6,4,5,3,3,4,4,5,3,5,4,4,1,4,3,4,3,5,5,5,4,5,4,4,3,3,7,5,6,6,6,5,6,6,2,2,2,1,2,2,5,5,3,4,3,6,3,3,3,3,4,4,2,5,4,3,5,4
83,7,6,3,4,4,2,4,4,4,3,4,4,1,1,4,3,4,5,4,1,5,1,6,2,6,4,4,5,3,6,2,3,4,6,6,3,4,3,2,4,7,4,3,7,7,6,7,7,6,6,2,2,1,1,1,1,4,5,5,5,5,3
84,7,6,4,4,3,3,5,5,3,4,3,6,5,2,3,5,3,4,5,2,6,4,6,1,4,5,4,5,5,5,2,4,3,4,5,4,3,5,5,5,6,3,4,6,6,6,7,6,6,7,2,1,1,1,1,2,4,4,6,5,3,3
85,3,2,6,7,7,4,3,6,4,4,4,3,5,4,3,3,3,6,5,4,3,3,3,4,3,4,4,4,4,3,6,6,5,6,6,6,6,6,2,1,2,2,2,3,3,4,6,5,4,5,3,4,2,5,4,3,3,4,4,4,4,1
86,6,6,3,3,3,4,5,4,3,4,3,2,5,1,3,3,5,4,2,2,3,4,6,2,4,4,3,3,5,5,1,5,4,6,5,4,5,5,5,4,7,2,4,6,6,6,6,6,7,7,2,1,2,2,2,1,4,4,5,3,5,4
87,5,2,4,3,3,3,4,3,3,5,4,5,4,7,5,5,6,7,7,7,7,7,2,2,1,1,2,3,3,3,4,4,4,3,3,3,6,5,4,4,5,4,3,4,3,4,2,4,5,3,4,3,4,5,4,6,4,2,6,5,5,5
88,6,6,6,5,4,5,6,4,3,4,4,4,4,1,5,3,5,5,5,1,4,4,6,1,3,5,4,4,2,5,2,5,4,5,5,3,4,3,5,5,7,3,2,6,6,6,6,7,6,6,2,2,1,2,2,1,4,5,5,4,3,4
89,6,4,3,2,4,3,4,5,5,5,3,4,5,6,6,2,6,3,3,6,6,6,3,4,1,1,5,2,3,2,6,2,3,4,3,4,7,4,3,2,1,2,5,4,3,4,4,3,4,3,4,6,6,3,5,3,7,7,7,1,1,2
90,6,2,6,6,6,5,4,5,4,3,3,3,3,4,5,3,2,3,3,4,5,3,4,6,4,4,4,4,4,3,5,6,6,7,7,6,6,7,1,3,1,2,1,3,5,4,4,3,2,5,4,5,6,4,4,4,4,6,3,4,5,5
91,3,2,4,5,3,5,4,4,3,4,4,6,5,6,7,6,6,6,5,5,6,5,3,2,1,1,2,2,3,1,4,4,3,4,4,4,5,6,4,4,4,4,3,3,3,5,4,5,3,3,2,4,4,4,4,6,5,4,4,4,3,3
92,6,4,4,2,5,4,4,4,3,5,4,5,5,7,7,6,6,4,3,2,7,7,4,3,2,1,2,2,6,5,7,3,4,5,5,5,6,4,2,4,1,1,6,2,3,4,5,3,6,4,5,6,7,3,4,4,6,6,6,1,2,2
93,4,3,6,7,6,6,3,2,5,5,3,5,3,4,4,4,2,4,4,4,5,4,3,4,5,4,5,4,4,4,6,7,5,6,6,6,7,7,3,2,2,2,2,3,4,5,5,3,4,4,3,4,5,3,3,5,3,6,4,2,2,4
94,3,2,3,4,3,3,2,4,5,3,3,4,3,5,6,6,7,5,7,6,6,7,1,2,1,1,1,2,1,1,3,4,3,1,3,4,5,2,4,5,2,4,5,3,4,4,4,3,6,3,5,5,5,5,5,3,4,4,5,4,4,2
95,6,6,7,7,5,3,4,5,4,5,4,4,5,3,4,4,3,3,4,4,4,3,4,3,4,2,4,3,4,4,6,5,6,6,6,5,7,6,1,1,2,2,2,2,4,3,3,4,7,5,4,3,2,2,3,2,4,4,4,3,4,3
96,7,6,3,5,6,5,4,4,4,4,3,5,3,2,4,4,4,3,4,2,3,4,7,1,4,4,4,3,6,4,1,3,2,4,3,5,3,4,4,5,6,4,3,6,6,7,6,7,6,7,1,1,2,2,1,1,1,5,5,5,5,3
97,5,2,3,6,3,3,4,4,3,4,5,6,4,7,6,5,6,6,6,5,5,6,1,2,2,1,2,2,1,2,4,4,3,3,4,4,4,4,5,5,5,3,3,4,4,4,3,4,4,5,3,5,5,3,4,5,2,3,3,3,5,4
98,4,2,3,6,2,2,3,4,5,3,3,3,3,5,6,6,5,7,6,7,6,7,1,2,2,1,2,2,3,2,4,3,6,5,4,4,5,2,3,4,3,4,4,4,2,2,3,4,3,6,4,5,5,4,2,3,4,4,5,4,4,5
99,7,7,4,6,4,4,3,3,4,3,6,3,3,2,5,6,3,4,5,1,4,5,6,1,6,5,5,3,4,4,1,6,3,5,5,6,2,3,5,4,7,4,2,6,7,7,7,7,6,6,2,2,2,2,1,1,4,3,6,3,4,4
100,7,3,7,1,3,4,4,4,4,4,4,6,5,7,7,3,7,4,5,6,7,7,3,3,1,1,5,1,4,4,7,3,3,3,6,5,6,2,4,4,2,2,4,6,6,5,4,4,2,4,2,7,6,4,3,5,7,6,6,2,1,2
101,6,4,6,6,7,5,4,4,3,3,5,2,5,3,4,3,1,3,6,4,3,4,4,4,3,5,3,6,5,3,7,6,6,6,6,7,5,5,1,3,2,2,2,2,4,4,5,4,3,5,5,3,5,4,5,4,2,3,6,4,3,4
102,4,4,5,6,6,4,4,2,4,4,3,3,5,3,4,4,3,4,4,4,4,3,4,4,5,5,6,5,5,3,6,7,7,6,6,6,5,6,3,2,2,3,2,2,4,4,5,1,4,2,5,4,5,5,2,4,2,4,4,5,5,3
103,3,5,5,5,5,3,5,3,3,4,5,5,6,4,3,3,2,3,4,4,4,4,4,4,4,3,4,3,4,3,7,7,6,5,7,7,5,6,3,2,1,2,2,1,3,4,3,5,3,4,4,5,3,3,3,3,4,5,3,3,5,3
104,7,6,4,4,4,5,4,5,4,4,3,4,5,2,2,4,6,2,3,1,3,6,6,2,4,4,2,3,4,3,2,4,4,5,5,4,3,2,4,2,6,5,2,7,7,7,6,6,6,6,2,2,1,2,1,1,5,5,4,6,5,5
105,7,2,4,1,5,3,4,5,5,4,3,6,2,7,7,4,6,3,4,4,6,6,5,2,2,1,3,2,5,3,7,4,4,3,2,3,7,6,4,3,2,2,4,5,5,5,5,3,4,5,4,6,7,3,4,4,6,7,7,1,2,1
106,6,7,6,3,3,4,4,4,3,5,3,3,3,2,5,4,3,4,6,1,4,4,7,2,4,3,4,3,3,4,1,2,4,4,5,4,5,5,3,5,6,3,3,7,7,6,6,6,7,6,1,2,2,1,1,2,3,4,3,4,6,4
107,5,2,3,3,2,2,6,4,4,4,3,6,3,5,7,6,6,7,6,6,6,5,2,1,2,3,3,2,1,1,4,4,4,5,4,2,4,4,3,3,4,3,4,6,3,3,3,1,3,5,5,5,4,3,2,4,5,5,3,5,4,2
108,3,4,6,5,6,4,2,3,4,5,4,4,6,2,5,3,2,5,5,4,6,4,5,3,4,3,5,1,2,4,5,7,7,7,6,6,5,5,1,1,2,2,3,3,4,5,4,5,3,4,3,5,3,4,3,4,2,4,3,4,3,4
109,6,6,3,6,5,5,2,4,5,6,4,4,3,2,4,4,4,4,5,2,3,3,6,2,4,4,4,5,3,6,2,4,4,4,4,4,4,4,4,4,6,5,3,6,7,7,7,7,7,6,2,1,1,1,1,2,6,4,2,3,5,4
110,6,6,4,3,4,3,4,7,3,6,4,4,4,1,4,4,5,4,2,2,3,5,7,1,5,5,5,3,1,4,2,5,4,4,4,3,4,3,4,3,6,5,2,6,6,6,7,6,6,7,2,1,2,1,2,1,5,3,3,4,4,3
111,3,2,6,7,7,4,3,4,3,4,5,3,6,5,4,4,1,6,3,6,5,4,4,5,5,4,7,3,2,6,6,6,5,6,6,5,5,6,3,3,2,2,2,2,4,3,6,4,3,4,5,3,4,4,3,4,3,3,5,4,3,5
112,7,3,4,2,2,4,3,2,2,3,4,3,4,6,7,5,7,5,4,4,7,7,4,5,2,1,5,1,3,5,6,5,3,4,5,5,6,5,4,2,1,2,3,3,6,3,2,5,4,4,4,6,6,6,4,4,7,6,6,1,2,1
113,5,2,4,3,1,5,3,5,5,3,4,4,2,7,5,7,7,6,6,5,5,7,3,2,2,2,2,2,2,2,4,5,3,4,4,4,3,4,5,4,2,7,4,3,5,4,3,4,4,5,4,3,6,4,4,5,4,4,4,4,5,3
114,7,7,4,2,4,6,4,3,5,3,5,3,4,1,5,4,4,1,4,1,4,4,6,2,4,3,4,5,5,4,2,5,4,5,3,6,4,4,4,4,6,4,4,6,7,7,7,7,7,6,1,1,1,1,1,2,2,4,4,5,3,4
115,6,6,3,4,5,4,4,3,3,4,3,6,6,2,5,4,5,5,4,2,4,2,6,1,3,4,2,4,6,5,2,5,4,5,1,3,4,4,5,5,6,2,5,7,6,6,7,7,7,6,2,1,1,1,1,1,3,2,3,4,4,2
116,2,5,5,5,5,4,5,6,3,4,4,4,6,4,5,5,3,2,4,4,5,3,6,3,6,4,5,4,4,3,6,7,7,7,6,7,7,6,2,2,3,2,2,2,4,4,4,3,4,4,5,3,4,5,4,5,4,4,3,2,4,4
117,4,2,4,2,1,3,4,4,3,3,3,5,3,6,5,5,7,6,6,6,6,6,1,1,2,1,1,3,1,2,4,5,4,2,3,5,4,5,4,3,4,4,6,4,3,3,4,4,3,5,5,3,5,2,5,4,4,4,4,5,5,2
118,7,6,4,5,4,4,4,4,3,5,3,3,5,2,5,3,5,5,3,1,2,3,6,2,5,6,4,2,3,4,2,4,5,5,4,4,5,5,4,3,7,3,3,6,6,7,6,6,7,6,1,1,1,1,1,2,3,3,6,5,5,4
119,7,7,4,5,3,5,4,4,3,3,4,4,3,2,4,3,4,4,4,1,4,3,7,1,3,4,3,2,6,5,1,5,5,3,5,3,4,5,5,4,7,3,3,7,6,7,7,7,6,6,1,1,1,2,1,2,4,3,5,4,4,4
120,6,6,5,3,3,3,5,4,5,5,3,5,3,1,4,4,4,2,2,1,3,6,7,1,3,4,5,4,4,5,2,4,3,3,4,5,4,6,3,5,7,3,3,7,7,7,7,7,6,6,2,1,1,2,2,2,1,5,2,3,4,4
121,6,7,4,2,5,4,4,5,5,3,5,4,4,1,5,4,5,6,4,1,2,5,7,1,4,4,4,5,4,4,2,5,2,5,5,3,3,5,3,2,7,5,4,7,6,7,7,6,7,6,1,2,1,1,2,2,3,6,4,5,4,5
122,3,1,5,5,2,5,5,5,3,3,4,5,4,7,6,5,7,6,7,6,7,6,2,2,3,2,2,1,2,2,4,5,4,5,4,4,2,5,3,2,3,4,3,4,4,5,5,6,3,5,4,3,5,6,5,4,4,5,4,5,1,3
123,6,6,4,3,6,4,5,2,3,4,5,5,4,2,3,2,3,5,4,1,4,4,7,2,4,4,4,4,3,2,1,5,3,2,2,3,3,5,5,4,6,5,5,6,7,6,6,6,7,6,2,1,1,1,1,1,2,2,5,3,3,4
124,3,5,6,6,6,5,6,4,3,5,3,3,6,3,4,5,3,4,4,3,5,4,4,4,5,3,4,5,4,6,5,5,5,6,7,6,6,6,2,2,3,3,1,2,4,3,4,4,3,5,5,3,4,6,5,4,4,5,3,4,3,4
125,7,3,3,1,5,2,4,4,5,3,3,4,2,7,7,4,6,5,5,5,6,6,4,4,1,2,3,2,5,3,7,4,4,5,5,4,7,4,3,5,1,2,7,2,3,5,2,4,3,3,7,6,7,2,2,4,6,6,6,1,1,2
126,3,4,7,5,5,4,3,3,2,5,4,4,3,4,5,2,2,6,7,3,5,4,6,3,5,4,3,4,5,3,6,7,7,6,6,6,6,5,2,2,3,1,1,2,6,4,3,4,5,4,3,3,6,3,4,5,4,4,4,5,5,6
127,5,2,3,6,1,5,3,3,3,6,5,4,5,6,6,6,5,6,6,6,6,6,3,3,3,1,1,1,3,1,4,3,4,4,3,4,1,5,5,4,5,3,3,3,2,3,5,4,5,3,3,4,4,5,5,4,5,2,5,5,5,2
128,7,6,6,5,3,4,2,5,5,4,5,5,2,2,5,3,4,4,4,2,6,5,7,1,5,5,5,5,6,3,2,4,5,4,4,5,4,4,3,4,6,5,3,7,6,7,7,7,6,7,2,1,2,2,1,2,5,6,4,5,5,4
129,3,3,4,4,1,2,4,3,3,5,3,6,2,7,5,6,5,7,6,5,6,6,2,2,3,3,3,1,1,2,6,5,5,2,4,4,5,5,5,4,5,4,4,5,4,4,4,3,2,5,4,5,4,3,5,4,6,4,4,4,5,5
130,3,3,6,6,6,2,4,5,2,5,2,3,4,3,5,5,2,4,5,2,4,4,5,3,4,4,5,6,5,4,6,5,6,6,7,6,7,6,1,2,1,3,3,2,3,3,4,3,5,6,4,2,4,2,5,4,5,4,5,2,4,3
131,4,3,6,5,7,3,4,5,3,5,3,5,4,4,3,4,3,5,5,4,3,5,3,3,4,4,5,4,5,3,6,7,6,5,7,7,7,7,3,2,2,3,1,3,5,2,2,2,4,4,4,4,4,2,4,4,3,3,4,5,5,3
132,7,3,3,2,4,5,3,4,2,4,4,3,4,7,6,3,6,4,5,4,7,7,7,4,2,2,5,2,5,2,7,6,6,4,4,5,6,6,4,3,2,1,4,5,5,6,4,5,3,4,5,6,7,3,5,4,6,7,6,2,2,2
133,7,7,4,3,3,2,3,3,5,5,4,4,6,2,3,3,3,4,3,2,3,3,7,2,3,3,4,4,4,4,1,4,4,5,6,2,5,5,4,3,6,6,5,6,7,6,6,7,7,7,2,2,2,2,1,2,4,6,5,3,5,5
134,6,3,3,1,2,4,4,4,3,4,6,4,1,7,6,4,6,6,4,6,7,7,4,3,2,2,3,2,5,4,6,3,5,4,5,4,7,4,5,3,2,1,5,4,5,6,3,3,3,6,4,7,7,5,2,5,7,7,6,2,1,2
135,4,1,5,5,1,3,3,4,5,4,5,3,5,5,6,6,7,7,7,6,5,6,1,2,1,3,1,1,3,3,3,5,4,4,4,3,4,4,2,3,3,6,1,6,4,3,4,5,4,5,3,5,5,3,4,2,3,3,4,5,5,6
136,6,6,4,3,5,3,3,5,4,5,4,4,4,2,4,3,4,5,5,1,4,3,7,1,4,5,2,4,3,5,1,4,6,4,4,5,3,4,2,5,7,4,3,6,7,7,6,6,7,7,2,1,1,1,2,1,6,4,5,5,4,4
137,4,3,5,6,6,4,5,4,4,4,5,5,5,4,3,4,1,4,2,4,4,4,4,4,5,3,5,3,6,2,6,6,5,7,6,6,7,6,2,3,1,2,2,2,3,3,4,4,4,5,4,4,6,3,4,1,4,4,4,5,4,6
138,4,2,6,2,2,5,4,4,4,5,4,3,6,6,5,5,5,6,6,6,7,5,3,3,3,1,3,2,3,3,3,3,4,5,3,4,6,5,6,7,4,3,4,3,5,4,5,5,4,3,4,5,4,5,3,2,2,5,5,3,5,5
139,4,3,5,7,5,3,4,5,2,5,4,5,4,3,4,5,2,3,5,5,4,3,4,3,5,4,5,4,4,2,6,7,6,5,6,5,6,6,1,1,3,2,3,2,3,4,6,4,6,4,4,3,4,3,3,5,4,2,4,5,4,7
140,3,2,4,4,1,4,3,4,3,2,5,2,3,6,6,6,6,6,6,7,6,7,3,2,2,3,2,3,2,3,5,4,5,4,5,5,4,6,5,4,5,4,6,3,3,3,5,6,3,4,4,6,5,6,4,6,4,4,3,5,3,5
141,6,2,4,3,3,3,4,2,4,4,3,7,4,5,6,5,6,7,6,6,7,5,2,2,3,3,2,2,2,2,2,6,3,5,4,3,5,3,2,4,4,4,3,5,2,3,1,5,3,3,5,4,5,5,3,3,4,5,3,7,4,4
142,6,7,4,5,2,5,5,5,5,4,5,4,5,1,5,3,4,4,4,1,7,2,7,1,4,3,5,3,3,4,2,4,5,5,4,5,2,4,6,4,7,5,4,7,6,6,6,7,6,7,1,2,2,2,1,1,3,3,4,5,4,3
143,5,3,3,4,2,5,3,4,4,4,4,5,4,7,7,6,7,6,7,7,6,5,1,3,1,1,3,2,1,2,4,4,4,5,6,4,4,4,4,4,5,4,3,4,4,5,3,4,4,2,5,5,6,6,4,4,4,5,5,2,4,6
144,4,3,4,3,2,4,4,6,5,4,3,6,5,6,6,7,7,5,6,7,5,7,2,2,2,1,2,2,3,1,3,3,4,4,4,3,5,3,3,4,3,6,4,3,5,4,4,2,5,2,3,3,4,4,6,3,3,5,3,5,4,3
145,6,5,2,2,5,4,3,2,3,3,4,5,3,7,7,4,6,3,5,4,7,6,3,4,2,1,5,1,3,5,7,4,5,7,5,3,6,5,4,5,2,2,3,4,2,3,5,3,3,4,4,7,7,5,5,5,7,7,6,2,1,1
146,5,4,5,5,6,3,4,5,2,3,4,3,4,3,6,3,2,7,5,3,5,3,4,4,3,3,5,5,3,4,6,6,6,5,6,7,7,6,1,1,1,1,1,2,3,4,3,5,4,4,3,4,5,4,3,5,5,5,4,5,3,5
147,6,3,4,2,5,5,3,5,3,2,4,4,4,6,7,4,6,3,7,4,6,7,3,3,2,2,4,2,3,4,6,4,4,5,4,3,6,4,5,5,1,2,4,5,4,5,2,2,6,4,4,7,6,5,3,5,7,7,7,2,1,2
148,7,6,4,4,2,4,5,4,5,3,2,4,3,1,2,3,3,4,4,1,3,4,7,1,4,4,3,3,4,3,2,3,3,5,3,3,6,3,5,3,7,4,2,7,6,7,7,6,7,7,2,1,1,2,1,2,6,4,4,4,5,4
149,7,7,5,6,6,4,3,3,4,6,7,5,4,1,3,3,4,4,4,1,3,4,6,2,3,5,4,3,3,5,1,5,5,4,5,4,3,5,6,5,6,2,5,7,6,6,7,7,6,7,2,1,2,2,1,2,4,4,6,5,3,5
150,6,7,3,4,7,6,5,3,2,4,4,4,2,1,2,5,5,4,4,1,4,5,6,1,3,3,3,3,4,2,2,3,4,3,2,2,5,4,2,4,6,5,4,6,7,7,6,7,6,6,1,1,2,2,1,2,3,4,5,4,5,5
151,6,6,4,4,5,3,3,5,5,4,7,5,3,2,4,5,5,3,4,2,3,3,7,1,5,4,4,4,5,4,1,2,3,4,5,3,3,4,6,5,7,6,2,6,6,6,6,7,7,6,2,2,2,1,2,1,2,5,4,4,6,5
152,3,3,3,4,2,5,5,5,5,4,6,5,4,6,6,6,6,5,7,7,6,6,3,3,2,3,2,1,1,3,3,3,3,3,5,4,4,4,4,2,4,3,5,5,4,5,4,5,4,3,2,1,4,4,4,4,4,4,5,5,3,3
153,7,7,4,5,5,4,3,3,5,5,3,4,4,1,4,4,4,4,3,2,4,4,6,1,3,3,3,4,3,4,1,5,4,4,4,3,5,4,5,3,6,5,4,6,7,6,7,6,6,7,1,2,1,1,2,1,3,4,2,4,5,5
154,6,7,4,4,4,5,5,2,5,4,3,4,4,2,2,4,6,3,2,1,4,4,6,1,3,3,3,5,3,4,2,4,6,2,4,5,5,4,6,5,6,4,2,6,6,6,7,7,6,7,1,2,2,1,2,1,5,5,5,5,4,5
155,6,7,3,3,4,5,4,5,6,4,3,5,4,2,3,2,3,3,5,1,3,3,6,1,4,5,6,5,4,4,2,5,4,4,5,4,4,5,3,5,6,3,5,7,7,7,7,7,6,7,2,1,2,2,1,1,2,3,4,3,7,2
156,6,5,5,2,3,5,2,5,4,3,4,4,3,6,6,5,7,4,5,2,7,6,6,3,2,1,5,2,5,4,6,3,2,4,3,4,6,5,3,4,1,1,4,4,3,3,5,5,6,4,4,6,6,5,4,5,6,7,7,2,1,1
157,7,6,3,3,4,3,4,3,3,5,5,4,3,1,4,5,2,4,5,1,5,4,7,1,2,5,4,3,4,3,1,5,5,5,4,4,4,2,4,3,6,4,4,7,7,7,7,7,6,6,2,1,2,1,2,2,4,3,1,5,5,4
158,6,7,5,2,4,5,4,4,5,5,4,2,4,2,3,3,3,4,4,2,4,5,7,2,5,4,5,4,4,3,2,3,3,5,3,4,5,5,2,3,7,4,5,7,6,6,7,6,7,7,1,2,1,2,1,1,4,4,4,5,4,4
159,4,2,3,3,2,3,3,3,4,4,3,4,6,7,6,7,6,5,6,6,6,5,2,2,2,1,1,1,2,3,5,6,4,3,5,4,4,3,5,3,3,5,5,4,4,4,3,4,5,2,4,3,4,4,3,4,4,5,5,2,4,4
160,4,2,4,5,1,2,4,3,5,5,6,6,5,5,7,7,6,7,5,6,7,7,1,3,1,1,3,2,2,2,3,4,5,5,3,6,4,5,4,5,4,5,4,4,4,5,5,4,3,5,4,5,3,5,6,4,4,6,5,5,4,4
161,5,1,3,5,2,6,4,4,4,7,3,5,5,6,7,7,5,5,6,7,5,7,1,1,2,1,1,2,3,2,5,3,5,4,1,4,6,3,3,5,4,3,4,4,5,3,2,3,4,4,3,3,4,4,3,4,4,6,4,5,5,4
162,4,4,6,7,5,3,5,5,5,4,5,4,6,4,4,5,2,4,5,2,4,5,3,4,4,4,5,6,6,5,7,7,6,6,6,5,7,7,1,2,2,2,1,3,4,3,5,2,4,3,4,4,5,4,3,3,3,5,4,3,4,3
163,6,7,3,3,5,4,3,3,4,4,4,2,4,1,5,5,4,4,4,1,5,4,6,1,4,2,3,1,4,5,1,5,4,3,5,3,3,4,4,4,7,5,5,7,6,7,6,7,6,7,2,1,2,2,1,1,5,5,3,5,4,3
164,6,7,4,5,6,6,2,3,6,5,3,4,3,1,5,3,4,3,2,2,6,5,6,1,3,4,5,3,3,3,2,4,4,4,3,4,2,3,5,4,6,3,6,6,6,6,6,7,7,6,2,2,2,1,2,2,4,2,4,2,3,7
165,7,7,3,3,4,6,5,4,2,4,5,3,3,1,3,3,5,3,4,2,4,4,6,2,3,5,4,3,4,3,1,3,6,2,3,4,5,5,4,3,7,4,4,7,7,6,6,7,6,6,1,1,2,1,1,1,3,3,5,2,4,5
166,7,7,4,4,3,4,5,2,2,3,5,4,2,1,5,4,5,2,4,1,4,6,7,1,3,4,4,4,4,4,2,4,3,5,5,5,5,4,5,6,7,4,5,7,7,6,6,7,7,7,2,2,2,2,2,1,5,5,3,4,4,4
167,7,6,4,4,4,2,5,1,4,3,4,4,3,2,4,3,4,1,5,1,5,4,6,1,5,2,5,2,3,4,2,5,4,5,2,4,3,3,5,3,6,4,5,7,6,7,7,6,7,7,1,2,2,1,1,1,4,3,5,5,4,4
168,5,5,7,6,5,5,4,5,3,3,5,4,5,5,6,6,2,4,4,5,5,5,6,3,3,2,4,4,6,4,6,7,6,5,5,6,6,6,3,2,3,1,1,1,4,5,3,5,4,3,4,7,4,4,5,7,5,2,4,4,4,4
169,6,6,4,5,4,4,3,3,7,3,4,3,2,1,4,4,3,4,5,2,4,2,7,1,4,3,6,4,3,3,1,3,5,3,4,5,5,3,3,5,6,4,6,7,6,7,6,6,7,6,2,2,2,1,2,1,4,4,3,3,5,3
170,7,2,4,1,5,3,3,3,3,3,5,4,3,7,6,6,7,5,4,5,6,7,6,5,2,2,4,1,5,4,6,5,4,3,5,5,7,2,4,2,1,2,2,6,5,5,4,5,4,4,6,6,6,4,4,5,6,7,6,1,2,1
171,7,6,5,3,4,3,4,3,5,5,5,5,5,2,4,4,5,4,3,2,6,4,6,1,3,5,4,3,4,4,2,4,6,5,4,4,1,4,4,4,7,4,4,6,7,6,7,6,7,6,1,1,1,1,2,2,4,3,4,3,3,4
172,7,4,3,1,4,4,3,3,5,4,3,4,3,6,7,3,7,4,4,5,7,6,4,4,2,1,4,1,2,4,6,3,6,5,4,4,7,4,4,3,1,2,5,5,3,4,4,3,6,7,3,7,6,4,3,3,6,6,7,1,1,2
173,7,6,4,5,3,5,3,3,6,5,2,5,4,1,4,5,4,3,5,2,4,4,7,2,5,4,4,3,4,3,1,6,4,3,4,3,5,5,5,3,6,5,3,6,7,6,6,7,7,7,1,1,2,2,1,2,5,3,4,3,2,3
174,6,7,4,4,3,5,5,4,3,4,5,6,5,1,5,6,3,3,5,2,3,5,7,2,5,3,3,3,3,3,2,4,5,4,4,4,2,5,3,5,6,3,4,6,7,6,7,7,7,6,1,1,1,1,1,2,4,6,2,5,5,5
175,4,3,6,6,6,4,4,4,4,3,4,5,4,4,4,4,2,4,4,6,4,4,3,5,5,5,4,4,2,4,7,6,7,5,7,5,5,6,2,1,3,1,2,2,5,2,2,5,5,2,3,3,2,5,3,4,4,2,4,5,6,3
176,7,6,4,4,3,3,4,4,3,4,4,4,5,1,5,3,5,4,2,2,2,4,6,1,3,3,1,4,5,3,2,3,6,3,3,4,3,7,3,2,7,3,2,6,7,6,6,7,6,7,2,1,1,1,1,1,5,4,6,5,5,5
177,4,2,3,4,1,4,2,5,3,3,3,3,3,6,6,5,6,6,7,6,7,6,1,1,3,2,3,1,2,2,3,5,5,5,3,3,4,4,5,2,3,5,4,5,6,5,3,3,4,6,6,5,5,2,4,3,5,5,4,5,2,4
178,3,1,4,4,2,4,5,5,2,3,3,4,3,6,6,5,7,5,6,7,6,6,3,1,2,2,2,3,3,2,4,2,6,4,3,4,4,4,3,4,5,4,5,3,4,5,5,4,3,4,3,5,2,5,6,3,5,3,5,5,3,7
179,4,3,6,6,5,5,3,4,5,3,2,4,3,2,3,6,2,2,6,5,4,4,4,4,2,4,4,6,5,6,6,5,6,6,6,6,6,7,3,2,2,1,2,2,4,3,5,5,2,2,4,4,4,5,4,5,5,4,3,4,3,4
180,3,4,6,7,5,3,3,4,6,3,5,4,3,5,4,5,2,4,3,5,3,3,4,6,4,4,4,4,4,5,5,5,5,6,7,7,6,6,2,1,3,2,3,1,5,5,5,4,2,4,3,3,3,3,3,5,2,2,3,5,4,4
181,6,6,4,1,3,5,4,4,3,3,4,4,1,6,7,3,6,4,4,5,6,7,3,4,1,2,5,2,5,5,6,4,5,3,5,5,7,5,4,3,1,1,4,4,5,3,2,4,4,3,4,6,6,4,3,5,6,6,7,2,1,1
182,4,3,5,5,3,3,3,3,3,5,4,5,3,6,7,6,6,7,6,5,6,6,2,2,2,1,1,3,2,2,3,3,2,6,6,4,3,4,3,6,3,3,3,4,3,3,4,6,2,4,4,4,6,2,4,3,4,4,4,4,3,2
183,5,2,7,6,5,2,3,4,5,4,3,5,3,3,3,5,3,5,5,4,3,5,3,4,4,7,5,3,4,4,6,5,6,6,7,6,6,6,2,1,2,2,2,2,6,3,7,3,5,4,5,3,4,5,4,2,5,5,3,4,4,2
184,7,2,4,1,4,5,3,4,4,3,5,1,5,7,7,1,6,5,4,4,6,7,5,3,2,2,3,2,4,5,6,3,3,5,5,3,7,4,4,4,2,1,3,3,3,4,3,4,3,6,4,7,6,4,3,2,6,6,6,2,1,1
185,4,5,6,6,6,5,2,4,4,3,3,3,4,4,5,4,2,4,5,4,4,5,5,3,4,6,6,5,5,4,5,6,6,5,5,7,5,6,2,2,2,1,2,2,5,3,7,4,3,7,4,5,4,3,4,6,4,4,4,4,4,5
186,7,7,3,4,4,3,6,4,4,6,4,4,3,1,3,4,4,5,3,1,4,3,7,2,4,4,4,4,6,5,2,4,4,5,2,5,4,4,4,3,7,2,4,7,6,7,7,7,7,6,2,2,1,1,2,2,6,2,4,3,2,3
187,5,4,7,5,7,4,4,4,4,6,5,2,4,5,3,3,2,4,5,4,3,3,4,4,4,4,3,4,3,5,6,6,6,6,6,7,5,6,2,3,1,2,2,1,3,2,4,4,3,4,3,5,4,3,4,2,4,5,5,3,4,3
188,4,3,5,6,5,3,4,5,4,1,4,2,3,5,2,5,2,5,4,6,4,4,4,2,2,3,6,6,4,4,6,7,6,5,5,7,6,6,1,3,1,2,2,3,5,3,4,4,4,5,3,4,5,5,4,6,5,4,4,3,5,6
189,4,1,4,5,1,4,4,6,5,4,5,2,3,7,6,6,5,6,7,6,6,6,2,2,3,2,3,3,2,1,4,5,2,3,5,3,6,5,4,4,5,3,4,5,3,5,4,3,6,2,6,3,3,3,3,5,5,4,4,5,3,4
190,4,2,4,5,2,3,4,5,4,3,5,3,2,5,6,6,6,5,7,6,5,7,2,2,2,2,3,2,1,3,3,4,4,4,3,4,4,4,4,4,4,3,3,5,5,4,4,6,4,4,4,4,2,4,4,5,3,5,6,4,3,4
191,5,5,6,6,6,6,4,3,4,4,2,4,3,4,5,4,2,2,5,3,5,5,4,3,2,5,3,3,4,4,7,5,5,6,5,6,6,6,3,2,1,3,3,1,5,5,3,4,4,3,4,2,4,3,3,4,3,4,5,3,6,6
192,3,3,6,5,6,6,4,4,3,3,3,3,6,5,5,2,2,4,5,4,3,5,3,3,5,5,3,5,4,3,6,7,5,6,5,6,6,6,2,2,2,2,2,3,5,6,5,5,3,4,4,5,2,5,4,5,4,4,4,3,4,4
193,6,6,2,5,3,6,3,4,5,4,3,4,5,1,5,4,5,3,5,2,3,4,6,1,3,5,4,5,2,6,1,5,4,5,1,3,4,4,2,4,7,4,3,7,6,6,6,7,6,6,2,1,2,1,1,1,3,2,5,3,4,4
194,6,7,4,5,4,3,6,4,3,3,5,4,4,2,4,4,4,5,3,2,4,4,6,1,5,6,6,5,4,5,1,4,4,3,5,4,3,2,2,3,6,5,6,6,6,6,7,7,6,6,2,1,2,2,2,2,5,3,6,4,6,3
195,6,4,6,6,7,3,4,3,3,4,2,5,5,5,2,4,2,5,6,5,4,6,5,4,5,4,4,5,4,2,7,7,6,7,7,7,7,6,1,3,2,2,1,1,4,4,5,5,5,2,3,3,4,3,3,2,5,3,3,3,4,4
196,3,4,6,6,6,4,3,3,4,5,5,3,4,5,4,3,2,5,5,4,5,3,4,3,4,4,5,5,6,5,5,5,5,6,6,6,5,7,2,1,3,2,2,3,5,3,3,5,5,3,5,4,5,4,4,2,6,4,4,4,4,5
197,7,3,4,1,5,5,3,2,5,2,3,4,5,6,7,4,7,3,5,2,6,6,4,3,1,1,5,1,4,4,7,6,6,4,3,3,7,4,3,3,2,1,5,4,3,5,5,4,6,4,5,6,7,3,3,5,7,7,7,1,1,2
198,4,3,3,3,1,4,5,2,5,4,3,2,3,6,6,5,6,6,6,6,6,6,2,1,1,2,2,3,1,1,4,4,5,6,5,5,3,4,4,6,1,3,4,4,3,3,2,5,3,6,3,4,3,6,4,4,5,3,4,3,1,4
199,2,1,5,5,1,3,4,3,1,4,4,4,4,6,7,6,6,5,6,6,5,7,1,1,3,2,2,2,2,3,5,4,3,4,4,5,4,3,3,6,3,2,4,4,3,5,4,4,7,3,3,5,4,3,5,3,5,5,3,5,4,3
200,5,2,4,3,1,4,5,4,5,3,2,3,4,6,5,6,6,6,6,6,6,6,1,2,2,2,1,2,2,2,5,5,4,5,4,3,5,4,4,6,5,3,6,3,6,4,5,5,6,6,5,6,4,4,6,3,4,2,5,5,3,4
201,5,3,5,6,7,4,4,3,3,3,2,5,2,4,5,4,1,4,4,3,5,4,4,4,5,4,5,4,3,3,6,6,6,6,6,6,6,5,2,1,2,3,2,2,3,5,5,3,6,1,5,3,4,5,4,5,4,3,3,5,4,4
202,4,2,4,6,1,5,4,5,4,5,4,5,3,6,6,5,6,7,6,5,7,6,2,3,2,3,1,2,2,2,6,4,2,2,4,4,3,2,4,1,4,3,4,2,2,3,5,4,4,3,3,5,6,5,4,3,3,3,6,3,5,5
203,5,4,7,6,6,4,3,3,5,4,5,4,3,3,4,3,3,4,6,4,6,4,4,3,4,3,4,5,2,4,7,6,7,7,6,6,7,5,1,3,1,3,2,1,3,5,5,4,3,3,3,3,5,4,4,3,4,5,3,3,4,4
204,6,3,4,2,5,4,3,4,3,3,5,5,5,7,7,2,7,4,3,2,6,7,4,3,1,1,2,2,3,4,7,3,3,3,4,3,6,5,3,4,1,1,5,5,5,4,2,5,5,4,5,6,6,4,5,5,6,6,7,2,1,1
205,4,2,3,4,2,3,3,5,3,3,4,4,1,6,5,6,6,7,7,6,6,5,3,3,1,1,1,2,2,3,4,4,4,4,5,2,2,5,3,3,4,4,3,4,4,4,3,4,4,3,5,4,5,3,4,3,6,4,4,5,4,5
206,4,3,6,6,6,3,4,4,3,5,3,5,4,5,5,5,2,5,4,2,4,3,3,3,3,5,3,5,5,6,5,6,7,7,6,6,6,6,3,2,3,1,2,2,4,4,3,4,5,3,5,4,5,5,4,5,6,4,3,4,2,4
207,3,2,4,5,2,4,4,3,2,4,6,5,4,6,5,6,6,5,7,7,5,5,2,1,2,2,3,1,2,2,4,3,4,5,5,2,3,4,3,5,5,6,4,5,3,3,5,5,2,5,4,3,2,3,4,5,4,4,3,5,5,5
208,4,2,5,5,1,6,4,2,3,4,4,3,4,6,7,6,5,6,5,5,5,6,3,1,1,2,2,2,1,3,3,3,5,4,2,4,4,4,5,4,3,5,5,4,6,3,4,4,7,5,5,5,4,5,4,3,3,6,3,5,5,3
209,6,4,1,1,3,4,4,5,2,6,5,4,4,7,6,4,6,5,6,3,6,6,3,4,2,2,6,2,4,5,7,5,5,3,5,3,7,4,7,5,1,1,4,5,4,7,4,4,6,4,4,6,7,6,4,5,7,7,7,1,1,2
210,7,6,3,4,4,4,4,1,3,3,5,3,4,2,4,4,5,4,3,1,5,5,7,2,4,3,5,5,5,5,1,4,4,3,4,3,5,3,3,5,7,5,5,7,6,7,6,6,7,6,2,1,1,1,1,1,2,6,3,5,4,3
211,3,1,3,3,2,4,4,3,3,3,3,4,4,6,7,5,5,5,5,7,5,6,1,3,2,3,3,3,1,1,4,4,5,4,5,3,3,2,4,4,5,4,3,3,3,5,3,5,5,4,5,4,3,2,5,5,2,5,3,3,5,5
212,7,6,3,6,3,2,4,5,4,3,4,4,4,2,5,3,4,2,4,1,5,4,7,2,4,4,5,4,4,3,1,6,6,5,5,3,5,4,4,3,7,3,3,6,7,6,7,6,6,6,1,1,2,2,1,1,5,6,3,1,5,5
213,7,4,2,2,4,3,4,4,3,2,3,5,4,7,7,5,7,3,5,2,6,7,3,4,2,1,4,2,6,4,6,6,5,3,5,4,7,5,5,3,2,2,4,4,6,5,4,6,4,4,5,6,7,3,4,4,6,6,6,2,1,1
214,5,2,6,4,1,4,4,4,3,3,4,4,6,5,7,5,6,5,5,5,6,5,2,1,3,2,3,2,3,2,3,5,2,2,3,3,4,4,3,3,4,7,5,4,5,4,3,3,6,4,4,5,3,4,4,5,5,3,4,3,3,4
215,1,1,3,5,3,3,4,4,4,4,6,4,4,5,7,6,6,7,6,6,7,7,3,1,3,1,1,2,1,2,4,6,5,4,3,3,4,5,3,5,4,4,4,4,3,4,3,5,5,4,2,5,5,5,3,5,5,4,3,4,2,4
216,4,3,6,6,6,3,4,5,3,4,3,4,5,3,4,2,1,3,5,5,5,4,4,5,4,4,3,4,6,3,6,7,5,5,6,5,7,7,3,2,2,2,3,1,3,4,5,4,5,3,4,6,5,4,3,5,3,5,5,6,2,2
217,7,7,4,4,4,5,6,5,4,3,3,3,5,2,5,4,6,5,4,1,4,5,6,2,3,5,2,4,3,4,1,2,4,3,6,6,3,3,5,4,7,4,5,6,6,7,7,7,7,7,2,1,2,2,1,1,3,4,3,5,6,3
218,4,2,6,2,2,2,5,3,3,6,4,5,5,5,5,7,5,6,7,6,6,6,3,2,2,1,2,2,2,2,5,4,5,3,2,3,4,5,5,5,5,3,4,4,5,4,3,5,5,4,4,3,5,5,5,1,5,4,6,2,3,4
219,4,1,4,3,2,5,4,5,5,5,3,4,2,7,6,6,6,6,6,6,6,5,3,3,1,2,2,1,3,1,2,4,3,5,5,3,3,5,4,5,3,5,3,4,5,5,5,5,5,4,4,4,3,4,6,4,4,4,3,3,4,5
220,7,7,3,3,4,4,4,5,3,3,4,3,4,2,2,5,5,4,4,2,4,5,7,1,5,6,3,5,6,4,2,5,3,5,6,4,3,5,4,4,7,4,3,6,6,7,7,6,6,6,2,2,2,1,2,1,4,4,4,5,3,4
221,4,5,5,7,6,3,3,4,6,3,5,6,4,5,5,3,1,4,4,3,3,5,6,3,4,3,4,5,3,5,7,5,7,5,5,5,7,6,1,1,3,3,2,3,5,4,4,3,3,5,3,4,2,4,2,4,5,4,4,4,3,4
222,6,7,3,5,4,4,4,5,5,2,5,3,3,2,4,7,3,5,5,1,2,3,7,1,7,3,4,4,6,2,2,4,4,3,5,6,5,4,5,4,6,3,5,7,6,7,6,6,6,7,2,2,2,1,1,2,3,2,4,5,4,5
223,7,5,6,6,7,4,2,4,2,4,4,5,4,4,5,3,1,3,3,4,4,5,5,3,5,3,5,5,5,3,5,5,6,6,6,7,7,7,3,3,2,2,1,2,4,4,5,2,6,3,4,2,4,5,3,5,4,3,3,2,4,5
224,6,6,4,5,3,3,4,3,3,4,4,4,6,1,4,6,1,3,4,1,5,3,6,1,5,2,3,5,5,3,2,4,5,4,2,4,4,3,6,1,7,3,5,7,6,6,6,6,6,7,1,2,2,1,2,1,3,4,4,4,4,5
225,6,7,4,3,5,4,4,4,3,2,5,4,4,2,3,5,2,3,5,2,5,6,6,1,4,4,4,3,3,5,1,2,5,3,4,4,3,6,3,4,6,4,4,7,6,6,7,6,7,7,1,2,2,2,1,2,5,4,5,4,4,5
226,7,6,4,3,2,6,4,4,4,5,5,2,4,1,2,3,3,3,2,1,4,4,6,2,4,5,4,4,4,4,1,5,3,2,4,3,5,4,4,3,6,5,5,7,6,6,7,7,6,7,2,2,2,2,1,1,7,4,4,5,4,2
227,7,7,4,3,3,2,3,3,4,4,4,3,5,1,4,3,2,4,4,2,3,4,6,1,3,4,3,4,3,4,2,3,5,2,5,4,4,2,3,3,7,4,4,7,7,7,6,7,7,6,1,1,2,2,2,1,4,3,5,3,4,5
228,6,4,3,1,2,4,4,2,4,2,4,4,4,6,7,3,6,2,6,4,6,6,3,4,1,2,4,2,5,5,7,3,3,4,4,4,7,5,5,6,2,1,4,3,3,3,4,5,5,4,4,6,6,4,3,3,7,6,6,1,2,2
229,4,2,3,5,1,3,4,4,6,3,4,5,3,6,7,6,6,6,5,5,5,6,1,1,2,2,3,3,2,2,5,4,4,5,4,2,5,2,4,3,4,5,3,3,4,3,4,5,4,4,3,2,3,2,5,4,4,3,3,4,4,4
230,4,1,4,5,1,5,3,4,5,3,4,1,2,6,6,6,7,6,6,7,6,7,2,1,1,2,3,1,3,2,3,5,4,5,5,4,4,3,4,4,4,4,2,5,5,4,4,4,5,6,4,3,3,5,6,3,5,4,4,5,3,5
231,4,1,3,4,2,5,4,4,3,4,4,3,5,6,6,5,7,7,6,5,7,6,3,2,2,2,3,2,1,1,3,6,5,4,4,5,3,4,5,3,2,5,4,6,4,4,3,3,3,3,4,3,6,5,4,4,3,4,3,4,5,4
232,5,1,3,5,2,4,3,5,7,5,6,3,4,6,5,6,5,6,6,5,7,6,2,2,2,2,1,2,3,2,4,4,3,3,3,4,4,5,4,5,4,6,4,4,3,3,5,5,3,5,6,3,4,3,5,4,4,3,4,6,4,3
233,7,4,3,1,4,7,2,3,4,6,3,4,4,6,6,3,7,3,4,5,6,6,7,4,2,2,4,2,4,4,6,5,3,4,4,4,7,4,4,5,2,1,3,4,3,3,3,3,3,4,4,6,6,4,4,4,7,7,7,2,2,1
234,3,3,3,3,3,5,4,5,4,3,3,3,3,6,6,7,6,6,7,6,6,7,2,1,3,2,2,1,2,2,5,4,3,4,4,3,2,4,4,3,4,3,3,5,6,5,3,5,4,3,4,4,3,5,4,5,3,4,6,3,1,3
235,4,3,7,7,6,5,5,4,4,3,5,4,3,3,4,5,2,3,5,5,4,4,3,4,4,2,4,3,4,4,6,6,7,6,7,5,6,6,1,3,1,3,3,3,4,5,4,4,4,4,5,6,4,2,4,5,3,4,4,4,3,5
236,4,3,5,3,3,5,3,2,2,4,3,5,4,7,6,7,7,6,6,5,6,5,1,3,3,3,1,1,3,1,4,6,4,5,4,4,5,5,5,4,5,4,5,5,5,4,5,4,3,5,3,5,5,4,4,3,4,3,2,5,3,4
237,4,3,5,4,1,5,4,4,2,3,4,6,6,7,6,6,6,7,6,6,6,6,2,1,2,2,2,2,2,2,2,5,3,4,3,5,4,4,5,4,4,5,3,4,5,5,5,3,5,4,5,2,3,7,4,4,5,4,3,5,4,2
238,7,6,4,2,2,4,3,4,4,4,4,4,3,2,5,4,5,5,3,2,4,5,7,1,3,3,5,3,4,5,2,4,4,4,4,5,2,5,4,4,6,2,4,7,6,6,7,6,7,7,1,1,2,2,2,1,4,2,3,3,5,4
239,6,6,3,5,4,5,3,5,5,3,4,6,3,1,2,5,3,3,6,1,3,5,6,2,3,6,6,4,3,3,2,3,5,4,4,4,5,5,4,4,6,5,5,7,6,7,7,6,6,7,1,1,1,1,1,1,5,4,5,3,7,4
240,6,4,3,2,4,5,4,5,4,6,4,4,5,6,6,4,6,4,3,6,7,7,5,4,1,1,6,2,3,4,7,4,3,4,4,4,7,4,4,4,1,1,5,5,4,4,5,4,5,5,5,6,7,4,3,4,6,6,7,2,2,2
241,4,2,5,2,2,4,5,4,5,3,3,5,4,6,7,6,7,6,6,5,7,6,2,2,3,2,2,2,3,2,3,3,5,4,5,5,4,3,2,4,4,4,4,3,3,4,4,5,4,6,2,4,3,4,5,4,6,3,4,4,3,5
242,6,7,4,3,2,5,2,5,5,6,4,5,3,1,3,5,4,2,3,2,4,3,7,1,5,5,2,4,3,5,2,4,2,5,5,5,3,4,3,6,6,3,4,6,7,7,6,7,7,6,2,2,2,1,2,2,4,5,3,4,5,4
243,3,3,7,7,6,3,3,4,5,3,4,5,4,6,3,6,2,5,5,2,5,5,4,3,5,5,3,1,3,3,6,6,6,5,6,6,5,7,3,3,2,1,2,2,4,5,3,4,4,4,5,4,4,3,4,3,4,4,4,3,5,3
244,2,1,4,3,2,5,3,3,4,5,5,5,4,6,7,5,6,6,6,7,5,5,2,3,2,2,2,1,3,3,3,4,5,3,4,5,5,2,5,5,6,4,3,4,3,5,3,4,4,6,3,3,4,3,3,2,4,4,5,6,4,4
245,6,6,5,4,4,2,6,5,3,4,3,5,5,2,4,2,4,5,7,1,3,3,7,2,4,4,5,6,4,3,2,4,5,5,6,2,3,4,6,5,6,2,4,6,6,7,6,7,6,6,2,2,1,1,1,2,5,3,4,4,6,4
246,6,7,5,5,3,4,3,3,4,4,3,2,4,1,6,2,4,5,3,2,5,3,6,1,6,4,4,4,3,5,1,4,4,2,2,4,3,2,3,4,7,3,6,6,7,6,7,7,6,6,1,1,2,2,1,1,3,5,2,3,4,5
247,4,3,6,7,6,4,3,3,3,2,3,4,4,4,4,3,2,5,3,5,4,4,4,1,4,4,5,4,4,4,6,7,6,6,7,5,6,5,1,2,2,1,2,2,3,6,4,6,2,3,4,3,4,2,4,4,5,2,5,4,4,4
248,6,5,3,1,4,4,5,3,4,3,3,5,4,6,6,5,6,4,4,5,7,6,4,2,2,1,4,2,4,4,6,5,4,3,4,4,6,6,3,4,1,2,3,5,4,6,5,4,4,5,4,7,6,3,5,4,7,6,6,1,2,2
249,3,3,6,7,6,4,5,3,3,3,2,4,4,3,6,3,2,5,4,5,5,4,1,5,5,4,4,4,3,4,5,6,6,6,7,5,7,5,2,3,1,2,1,2,4,4,4,3,5,4,5,4,2,4,4,3,3,5,4,5,5,3
250,7,6,3,3,4,5,4,4,4,5,2,5,5,2,5,1,4,5,3,1,3,5,6,1,4,4,4,5,6,4,1,3,5,5,4,2,4,3,5,4,6,3,3,6,6,7,7,7,7,6,1,2,1,1,2,2,5,5,5,5,3,6
